{
  "parameters": {
    "selection_method": "roulette",
    "crossover_method": "two_point",
    "population_size": 200,
    "crossover_prob": 0.9,
    "mutation_prob": 0.01,
    "generations": 300,
    "n_trials": 3
  },
  "results": {
    "avg_best_fitness": 0.7838402518024612,
    "avg_features_selected": 12.666666666666666,
    "all_best_fitness": [
      0.7848829484469018,
      0.7851198670515531,
      0.7815179399089285
    ],
    "all_selected_features_count": [
      12,
      11,
      15
    ]
  }
}