{
  "parameters": {
    "selection_method": "roulette",
    "crossover_method": "uniform",
    "population_size": 200,
    "crossover_prob": 0.9,
    "mutation_prob": 0.01,
    "generations": 300,
    "n_trials": 3
  },
  "results": {
    "avg_best_fitness": 0.7817778929726603,
    "avg_features_selected": 12.666666666666666,
    "all_best_fitness": [
      0.7829085047704233,
      0.7815519766086626,
      0.7808731975388951
    ],
    "all_selected_features_count": [
      11,
      13,
      14
    ]
  }
}