Population Size,Crossover Prob,Mutation Prob,Avg Fitness,Avg Selected Features
20,0.6,0.0,0.783998197538895,12.0
20,0.6,0.01,0.7837571590231476,13.0
20,0.6,0.1,0.7900102489564699,9.0
20,0.9,0.01,0.7913678070960046,7.0
20,0.1,0.01,0.7862394766086626,10.0
200,0.6,0.0,0.795139609421586,6.0
200,0.6,0.01,0.7942569184691279,6.0
200,0.6,0.1,0.7862415365642109,10.0
200,0.9,0.01,0.7949037207947092,7.0
200,0.1,0.01,0.7902162207947092,10.0
