Population Size,Crossover Prob,Mutation Prob,Avg Fitness,Avg Selected Features
20,0.6,0.0,0.8196830921016968,16.2
20,0.6,0.01,0.8402972841112376,14.4
20,0.6,0.1,0.848114815417141,14.8
20,0.9,0.01,0.8410898249037784,15.7
20,0.1,0.01,0.829875752154822,17.3
200,0.6,0.01,0.85058025695235,14.4
200,0.6,0.0,0.8499288773242262,16.4
200,0.6,0.1,0.8492310944869086,15.8
200,0.9,0.01,0.851092318534179,15.4
200,0.1,0.01,0.8486276359299614,15.7
