{
  "parameters": {
    "population_size": 200,
    "crossover_prob": 0.6,
    "mutation_prob": 0.1,
    "generations": 300,
    "n_trials": 3
  },
  "results": {
    "avg_best_fitness": 0.7875647146780868,
    "avg_features_selected": 10.0,
    "all_best_fitness": [
      0.7873549662546756,
      0.7853227489564698,
      0.790016428823115
    ],
    "all_selected_features_count": [
      9,
      12,
      9
    ]
  }
}