{
  "parameters": {
    "population_size": 20,
    "crossover_prob": 0.6,
    "mutation_prob": 0.1,
    "generations": 300,
    "n_trials": 3
  },
  "results": {
    "avg_best_fitness": 0.7871805092517302,
    "avg_features_selected": 11.0,
    "all_best_fitness": [
      0.7895683884913537,
      0.7877699998644766,
      0.7842031393993604
    ],
    "all_selected_features_count": [
      9,
      11,
      13
    ]
  }
}